Timestamp,Open,High,Low,Close,Volume (BTC),Volume (Currency),Weighted Price
31/12/2015 00:00,426.09,433.89,419.99,430.89,6634.86,2833319.7,427.04
01/01/2016 00:00,430.89,436,427.2,433.82,3788.11,1640577.93,433.09
02/01/2016 00:00,434.87,435.99,430.42,433.55,2972.06,1287773.39,433.29
03/01/2016 00:00,433.2,434.09,424.06,431.04,4571.1,1959152.6,428.6
04/01/2016 00:00,431.54,435.86,428.44,434.17,5717.6,2474772.5,432.83
05/01/2016 00:00,433.31,435.39,429.5,432.43,3881.72,1677111.44,432.05
06/01/2016 00:00,432.45,432.67,426.54,429.56,5507.61,2369036.46,430.14
07/01/2016 00:00,429.99,459.16,429.25,457,16833.42,7536413.29,447.71
08/01/2016 00:00,456.87,465,444.51,452.7,10258.99,4654977.99,453.75
09/01/2016 00:00,452.02,454,446.68,448.84,4396.05,1976929.79,449.71
10/01/2016 00:00,448.84,449.89,440.8,448.79,4078.61,1813405.06,444.61
11/01/2016 00:00,448.2,451.13,438,448,7986.46,3557149.61,445.4
12/01/2016 00:00,448,448,434.35,434.85,6930.9,3067862.76,442.64
13/01/2016 00:00,434.78,438.35,424.5,432.64,10067.02,4327468.86,429.87
14/01/2016 00:00,432.64,434,427,429.55,4420.91,1903623.77,430.6
15/01/2016 00:00,429.55,429.8,360,360,37326.7,14756284.24,395.33
16/01/2016 00:00,360.62,392.07,352,386.91,25019.25,9314016.2,372.27
17/01/2016 00:00,387.8,391.14,376,380.16,8416.94,3222126.45,382.81
18/01/2016 00:00,379.94,388.5,373.63,385.49,7015.53,2680282.37,382.05
19/01/2016 00:00,385.47,386.92,375.59,376.76,7223,2758289.78,381.88
20/01/2016 00:00,376.9,422.98,372.53,416.32,25172.92,10071637.71,400.1
21/01/2016 00:00,418.9,421.25,404.59,409.59,9414.56,3886595.68,412.83
22/01/2016 00:00,409.42,410.07,374.45,382.55,14744.76,5747610.6,389.81
23/01/2016 00:00,382.85,395,381.05,386.4,7664.89,2974351.32,388.05
24/01/2016 00:00,386.37,405.97,385.36,402.16,5448.85,2176476.21,399.44
25/01/2016 00:00,402.16,402.31,385.5,390.9,8040.83,3169083.78,394.12
26/01/2016 00:00,390.1,397.7,386.2,391.77,6589.15,2585992.59,392.46
27/01/2016 00:00,391.77,397,390.31,394.95,4262.63,1680905.77,394.34
28/01/2016 00:00,394.62,395.56,376,379.75,11414.05,4361450.24,382.11
29/01/2016 00:00,379.55,383.99,363.73,378.22,13544.15,5084544.75,375.41
30/01/2016 00:00,378.12,380.42,372.95,375.64,2587.11,975585.61,377.1
31/01/2016 00:00,376.38,379.3,364.7,368.49,4166.67,1559953.4,374.39
01/02/2016 00:00,368.49,378.2,366.53,371.81,7255.13,2703288,372.6
02/02/2016 00:00,371.79,375,369.73,373.05,5719.11,2133603.92,373.07
03/02/2016 00:00,373.05,374,365,368.38,7107.79,2631356.07,370.21
04/02/2016 00:00,368.4,391.88,367.95,387.82,13446.48,5138708.84,382.16
05/02/2016 00:00,388,389.5,382.99,385,7372.61,2854281.75,387.15
06/02/2016 00:00,384.97,384.98,371.35,375.39,5735.7,2159252.72,376.46
07/02/2016 00:00,375.39,380,373.04,375,2885.48,1084985.75,376.02
08/02/2016 00:00,375,378.99,369.99,370.91,6943.11,2599524.22,374.4
09/02/2016 00:00,370.95,377,369.12,373.2,5779.68,2157256.83,373.25
10/02/2016 00:00,373.69,383.85,372.12,379.66,10006.63,3792903.88,379.04
11/02/2016 00:00,379.34,380.5,373.54,377.98,7471.96,2820555.12,377.49
12/02/2016 00:00,377.98,383.48,377.07,383.27,5996.09,2285206.43,381.12
13/02/2016 00:00,383,390.99,382,390.99,7324.97,2836694.35,387.26
14/02/2016 00:00,390.99,406.71,390.59,405,9758.39,3887244.21,398.35
15/02/2016 00:00,405.5,409.71,393.4,399.28,7906.7,3178245.78,401.97
16/02/2016 00:00,399.5,407.8,396,407.51,8354.83,3372130.21,403.61
17/02/2016 00:00,407.51,421.11,404,415.54,11842.78,4915480.62,415.06
18/02/2016 00:00,415.59,424.9,413.4,421.18,8588.93,3610499.41,420.37
19/02/2016 00:00,421.15,422,414,419.54,5015.54,2101914.47,419.08
20/02/2016 00:00,419.98,443.96,419.5,434.63,11633.27,5037569.38,433.03
21/02/2016 00:00,434.63,447.99,426,438.5,10300.35,4513446.91,438.18
22/02/2016 00:00,438.33,439.5,431.15,438.27,5840.32,2550862.12,436.77
23/02/2016 00:00,438.26,440,414,419.1,10509.61,4460860.99,424.46
24/02/2016 00:00,419.1,424.28,409.07,423.78,7258.36,3044435.84,419.44
25/02/2016 00:00,423.79,426.75,415.79,423.51,5597.97,2361226.42,421.8
26/02/2016 00:00,423.38,432,418.01,432,4635.12,1965128.87,423.97
27/02/2016 00:00,432,435,428.22,431.07,4159.36,1794059.03,431.33
28/02/2016 00:00,431.07,435,422.29,431.68,3501.19,1503570.39,429.45
29/02/2016 00:00,430.26,440.99,428.12,435.23,8463.35,3688136.64,435.78
01/03/2016 00:00,436.75,437.5,427.01,432.5,6941.52,2999990.2,432.18
02/03/2016 00:00,433.33,434.5,421.31,423.45,5788.38,2484758.41,429.27
03/03/2016 00:00,422.4,424.47,415.85,420.29,7483.65,3144344.87,420.16
04/03/2016 00:00,420.29,423.9,406.02,408.01,7789,3242408.24,416.28
05/03/2016 00:00,408.18,408.98,382,399.83,16436.4,6542504.74,398.05
06/03/2016 00:00,399.77,412.31,393.11,406.23,5692.01,2305615.94,405.06
07/03/2016 00:00,406.15,414.96,403.03,414.01,5937.73,2435455.25,410.17
08/03/2016 00:00,413.96,414.99,408.46,411.75,5576.26,2294301.55,411.44
09/03/2016 00:00,412.14,413.51,408.75,413,4876.79,2006337.15,411.41
10/03/2016 00:00,412.99,416.9,409.31,416,5255.3,2172818.96,413.45
11/03/2016 00:00,416,421.91,415.11,419.13,5950.81,2495505.29,419.36
12/03/2016 00:00,419.14,420.93,406.59,410.9,4640.49,1916201.04,412.93
13/03/2016 00:00,409.95,417,409.67,413.04,3286.87,1357510.22,413.01
14/03/2016 00:00,412.99,415.22,410.5,414.99,4470.79,1848804.29,413.53
15/03/2016 00:00,414.83,417.43,412.15,415.85,4569.88,1898781.06,415.5
16/03/2016 00:00,415.84,416.82,413.15,416.57,4100.48,1702108.56,415.1
17/03/2016 00:00,416.52,419,415.66,418.49,3704.16,1548743.03,418.11
18/03/2016 00:00,418.47,418.49,403.34,407.91,6391.25,2620535.28,410.02
19/03/2016 00:00,407.5,409.95,404.1,409.04,2870.25,1167962.94,406.92
20/03/2016 00:00,408.36,412,406.6,411.28,2579,1057230.7,409.94
21/03/2016 00:00,410.62,411.96,406.5,411.67,3546.28,1451351.16,409.26
22/03/2016 00:00,411.15,416.99,410.35,416.64,3950.16,1638956.4,414.91
23/03/2016 00:00,416.39,419,413.44,417.62,4946.4,2059556.01,416.38
24/03/2016 00:00,417.62,418.15,412.85,415.17,2776.61,1155165.75,416.03
25/03/2016 00:00,415.17,416.92,412,415.7,2588.78,1074765.82,415.16
26/03/2016 00:00,415.6,416.99,414,416.96,1253.01,521077.51,415.86
27/03/2016 00:00,416.96,427.99,415.77,424.77,5038.88,2135073.92,423.72
28/03/2016 00:00,424.62,424.77,420.32,422.87,3283.79,1388121.95,422.72
29/03/2016 00:00,422.87,424.37,407.22,415.95,5955,2473866.21,415.43
30/03/2016 00:00,415.43,415.93,408.59,413.74,4824.85,1990559.5,412.56
31/03/2016 00:00,413.68,416.99,411.4,414.66,3774.42,1566080.97,414.92
01/04/2016 00:00,414.66,416.99,413.42,416.31,3736.77,1552890.07,415.57
02/04/2016 00:00,416.31,420,416.01,419,2072.95,867252.47,418.37
03/04/2016 00:00,419.35,419.48,416.1,419.11,1337.67,558989.71,417.88
04/04/2016 00:00,418.51,419.85,416,418.75,3457.56,1445848.18,418.17
05/04/2016 00:00,418.81,423,416.61,422.71,3956.56,1665558.65,420.96
06/04/2016 00:00,422.71,422.9,420,421.03,2396.35,1010238.99,421.57
07/04/2016 00:00,420.62,421.99,418.09,420,3216.81,1352741.71,420.52
08/04/2016 00:00,419.99,423.99,416.26,417.75,4584.13,1928359.91,420.66
09/04/2016 00:00,417.75,418.71,412,418.24,3599.4,1497170.37,415.95
10/04/2016 00:00,418.59,421.79,417.2,420.04,1779.83,746886.33,419.64
11/04/2016 00:00,420.4,422.8,418,422.69,3487.83,1467164.56,420.65
12/04/2016 00:00,422.79,426.67,421,425.54,6082.73,2581942.43,424.47
13/04/2016 00:00,425.32,426,422.27,423.93,3917.08,1661013.31,424.04
14/04/2016 00:00,423.6,425.35,420.57,424.86,3863.8,1637346.08,423.77
15/04/2016 00:00,424.4,430,423.07,429.45,4406.24,1883221.87,427.4
16/04/2016 00:00,429.29,432.87,381.47,430.69,1848.39,794725.23,429.95
17/04/2016 00:00,430.18,430.91,377.87,427.42,1502.86,642520.65,427.53
18/04/2016 00:00,427.15,430.01,425.8,428.14,3180.43,1359481.31,427.45
19/04/2016 00:00,428.14,436.82,426.24,435.63,3798.24,1634274.11,430.27
20/04/2016 00:00,435.7,444,433.11,442.13,7602.65,3334632.03,438.61
21/04/2016 00:00,441.99,452.11,440,451,5421.16,2417983.8,446.03
22/04/2016 00:00,451,451.36,442.96,447.7,5494.44,2458441.08,447.44
23/04/2016 00:00,447.16,452.19,444.46,451.92,2250.04,1008095.22,448.04
24/04/2016 00:00,451.92,470.02,447.06,460.02,7103.31,3252973.56,457.95
25/04/2016 00:00,460.03,469.47,455.13,462.33,5607.19,2589826.88,461.88
26/04/2016 00:00,462.29,469.87,462.13,467.42,4629.19,2154820.59,465.49
27/04/2016 00:00,467.39,469.03,443.2,445.38,7084.24,3233410.84,456.42
28/04/2016 00:00,445.39,451,435,449.14,8736.26,3884773.45,444.67
29/04/2016 00:00,449.94,456.53,445.62,456.53,2982.54,1347430.83,451.77
30/04/2016 00:00,456.53,456.9,446.5,448.37,2419.58,1091522.44,451.12
01/05/2016 00:00,448.43,453.78,446.84,453,1190.7,537276.06,451.23
02/05/2016 00:00,452.99,453.8,438.59,444.06,6362.93,2824163.35,443.85
03/05/2016 00:00,444.06,452,440.78,450.61,5576.91,2496652.81,447.68
04/05/2016 00:00,451.18,451.68,444.15,446.63,3327.61,1488189.72,447.23
05/05/2016 00:00,447.36,450,445.11,448.5,2569.59,1150544.09,447.75
06/05/2016 00:00,448.5,463.97,447.03,458.48,5540.14,2518562.05,454.6
07/05/2016 00:00,458.98,461,455.95,458.07,2004.64,918778.35,458.33
08/05/2016 00:00,458.97,459.69,455.95,458.21,1353.23,619028.39,457.44
09/05/2016 00:00,457.75,464.79,455.62,460.82,3536.5,1625816.36,459.72
10/05/2016 00:00,461.49,463,447.38,451.62,5746.16,2608139.07,453.89
11/05/2016 00:00,450.88,457.99,450.32,452.91,3352.58,1520976.99,453.67
12/05/2016 00:00,452.95,455.25,448.88,455.2,3453.49,1560850.72,451.96
13/05/2016 00:00,455.2,456.82,452.04,455.91,2822.65,1283980.61,454.88
14/05/2016 00:00,456.42,457.25,453.51,455.57,1377.72,628027.39,455.85
15/05/2016 00:00,456.3,458.08,454.72,457.56,1612.71,736345.01,456.59
16/05/2016 00:00,457.56,458,451.11,454,3248.19,1479592.23,455.51
17/05/2016 00:00,454,456.09,452,453.08,3430.48,1555633.96,453.47
18/05/2016 00:00,452.96,455.68,452,452.92,2608.23,1184326.53,454.07
19/05/2016 00:00,452.47,453.85,435.03,436.3,5961.12,2667369.27,447.46
20/05/2016 00:00,436.3,444.41,435.06,442.72,3448.23,1520946.42,441.08
21/05/2016 00:00,442.84,443.98,435.28,443.31,1916.43,844578.21,440.7
22/05/2016 00:00,442.72,443.47,435,438.8,2350.68,1032621.87,439.29
23/05/2016 00:00,438.72,442.99,436.4,442.99,2625.6,1157133.45,440.71
24/05/2016 00:00,442.63,446.37,441,443.97,3072.78,1366675.34,444.77
25/05/2016 00:00,445.31,449.6,444.26,448.7,3663.32,1639628.08,447.58
26/05/2016 00:00,448.27,452.98,446.8,452.07,3768.5,1695944.87,450.03
27/05/2016 00:00,452.07,478.16,452.07,472.05,12234.2,5759605.5,470.78
28/05/2016 00:00,470.58,529.08,468,519.41,12568.03,6208198.25,493.97
29/05/2016 00:00,522.13,540,485,517.84,8215.67,4268564.36,519.56
30/05/2016 00:00,517.6,535,510.01,527.64,6074.77,3195665.51,526.05
31/05/2016 00:00,527.64,548.5,515,531.84,12071.18,6465589.82,535.62
01/06/2016 00:00,532.37,542.87,525.49,536.95,5456.94,2918877.94,534.89
02/06/2016 00:00,536.95,540,529.13,538,3939.35,2110034.27,535.63
03/06/2016 00:00,538,578.37,535.74,569.94,8801.77,4918798.57,558.84
04/06/2016 00:00,569.93,588.71,558.54,573.8,6216.63,3569801.44,574.23
05/06/2016 00:00,573.5,582,566,573.91,5415.93,3104174.12,573.16
06/06/2016 00:00,573.8,586.02,573.8,584.5,4465.52,2599632.51,582.16
07/06/2016 00:00,584.12,594.44,563,577.54,6705.92,3889183.61,579.96
08/06/2016 00:00,577.48,584.25,571.86,583.03,3259.15,1885760.65,578.6
09/06/2016 00:00,583.01,583.1,572.97,575.01,3770.72,2173852.25,576.51
10/06/2016 00:00,576.06,580,572,578.01,3458.56,1992463.06,576.1
11/06/2016 00:00,576.53,611,575.93,610,4000.07,2358616.31,589.64
12/06/2016 00:00,610,683.02,603.21,672.13,14138.31,9092256.25,643.09
13/06/2016 00:00,668.73,725,655.02,704.49,17280.6,11948752.18,691.45
14/06/2016 00:00,703.81,704.5,655,685.25,10633.44,7245671,681.4
15/06/2016 00:00,685.25,695.77,672.12,695,5783.92,3958020.17,684.31
16/06/2016 00:00,695,773.07,689.8,766.62,17946.83,13252865.15,738.45
17/06/2016 00:00,767.37,778.7,706.37,745.22,14687.27,10852879.64,738.93
18/06/2016 00:00,745,778.85,723.02,754.83,5903.47,4450980.86,753.96
19/06/2016 00:00,753.47,764.93,740.11,761.44,2617.28,1975322.23,754.72
20/06/2016 00:00,759.12,763.99,723.4,730.85,7975.97,5917339.46,741.9
21/06/2016 00:00,725,728.18,625,667.54,33056.29,22257644.3,673.33
22/06/2016 00:00,665.36,677.63,588.03,601.3,16456.41,10462967.07,635.8
23/06/2016 00:00,600.51,632.67,1.5,624.91,24334.08,14297065.04,587.53
24/06/2016 00:00,622.59,683.88,620.82,661.71,16163.8,10563018.79,653.5
25/06/2016 00:00,660.76,684.45,639.4,659.86,6576.67,4375554.65,665.31
26/06/2016 00:00,658.8,662.9,608.64,630.16,5838.15,3672917.74,629.12
27/06/2016 00:00,630.16,658,618.03,657.5,8668.59,5537101.67,638.75
28/06/2016 00:00,657.49,665.51,635.5,646.08,5478.36,3544743.28,647.04
29/06/2016 00:00,644.33,645,621.09,634.11,9132.48,5770127.8,631.82
30/06/2016 00:00,635.91,671.22,628.06,667.95,7479.79,4895853.65,654.54
01/07/2016 00:00,666.33,684.1,659.71,674.86,6432.92,4339245.16,674.54
02/07/2016 00:00,674.55,704.93,672.74,702.48,5506.04,3811458.84,692.23
03/07/2016 00:00,702.48,704.99,646.29,658.27,7320.32,4906039.38,670.19
04/07/2016 00:00,659.77,682.35,640.1,680.35,4290.13,2870919.4,669.19
05/07/2016 00:00,678.74,682.36,661.57,668.94,3112.73,2092573.28,672.26
06/07/2016 00:00,669.09,679,662.13,674.7,3590.61,2412784.3,671.97
07/07/2016 00:00,674.7,678.43,605.5,638.19,12686.98,8058820.66,635.2
08/07/2016 00:00,638.89,665.99,635,663,6579.39,4252992.55,646.41
09/07/2016 00:00,663,663.99,626,647.78,6180.15,3994710.13,646.38
10/07/2016 00:00,647.78,650.88,636.8,648.76,2313.35,1490267.22,644.2
11/07/2016 00:00,648.77,659.6,639.31,649.32,2978.14,1932846.2,649.01
12/07/2016 00:00,649.32,678,646.05,663.52,4288.08,2839548.15,662.2
13/07/2016 00:00,663.52,669.97,651.03,655.06,6573.2,4342194.79,660.59
14/07/2016 00:00,652.24,664.93,650.01,659.1,2392.43,1576629.17,659.01
15/07/2016 00:00,660.3,670.01,658.41,664.6,3228.34,2143543.85,663.98
16/07/2016 00:00,664.6,666.67,655,662.45,1682.68,1111201.66,660.38
17/07/2016 00:00,662.45,684.19,661.35,679.54,3437.77,2320473.32,674.99
18/07/2016 00:00,679.54,682.21,666.12,672.1,3012.21,2037381.51,676.38
19/07/2016 00:00,673.45,675.81,666,673.48,1904.43,1278189.69,671.16
20/07/2016 00:00,674.8,675,660,667.03,3418.63,2282261.38,667.6
21/07/2016 00:00,667.01,667.1,660.1,663.99,2503.04,1661238.41,663.69
22/07/2016 00:00,663.25,666.3,645,649.95,5191.56,3407485.36,656.35
23/07/2016 00:00,647.88,656.77,646,655.52,1284.52,838038.6,652.41
24/07/2016 00:00,655.52,665,651.99,661.47,1427.98,939586.01,657.98
25/07/2016 00:00,659.64,661.99,652.28,654.96,2441.94,1600627.63,655.47
26/07/2016 00:00,655,656.94,645.01,651.24,3552.83,2311378.91,650.57
27/07/2016 00:00,651.22,659.98,646.31,653.48,2664.94,1742046.06,653.69
28/07/2016 00:00,655.13,657.89,652.41,653.07,1909.24,1249934.3,654.68
29/07/2016 00:00,654.84,657.48,653,654.61,1297.15,848986.16,654.5
30/07/2016 00:00,654.88,657.5,652.19,654.67,719.16,470912.14,654.81
31/07/2016 00:00,654.02,654.71,614.97,623.83,4933.62,3125805.15,633.57
01/08/2016 00:00,622.5,630,603.63,606.35,5512.82,3399251.95,616.61
02/08/2016 00:00,606.84,613.03,465.28,540,22142.67,12122476.93,547.47
03/08/2016 00:00,540,572.34,521,563.42,15453.59,8476073.71,548.49
04/08/2016 00:00,563.99,583.97,552,576.13,8499.84,4849529.14,570.54
05/08/2016 00:00,578.14,578.2,562,572.5,4811.24,2744096.47,570.35
06/08/2016 00:00,572.98,592,562.56,589.48,6021.31,3470953.45,576.45
07/08/2016 00:00,589.47,598.82,582.12,592.47,2910.31,1720291.73,591.1
08/08/2016 00:00,592.47,594,583.58,591.88,3181.85,1876919.92,589.88
09/08/2016 00:00,591.85,591.85,579.43,582.75,3174.71,1856560.62,584.8
10/08/2016 00:00,582.71,603,580.01,590.27,5217.76,3093831.6,592.94
11/08/2016 00:00,590.46,597.78,585.22,585.22,2543.68,1504308.96,591.39
12/08/2016 00:00,585.25,591.19,580.47,585.91,2177.38,1276363.86,586.19
13/08/2016 00:00,585.34,589.98,581.71,583.52,962.3,563625.08,585.7
14/08/2016 00:00,583.54,583.92,556.24,568.76,4812.89,2748170.07,571
15/08/2016 00:00,568.76,573.69,554.9,565.55,4633.75,2618493.49,565.09
16/08/2016 00:00,564.2,579.8,563,574.99,4837.19,2766616.06,571.95
17/08/2016 00:00,574.95,577.86,566.02,570.91,4108.6,2348397.53,571.58
18/08/2016 00:00,570.91,575.87,568.79,571.49,3967.28,2271526.86,572.56
19/08/2016 00:00,571.51,574.86,552.3,572.91,4652.01,2653115.88,570.32
20/08/2016 00:00,572.98,581.02,568.52,577.88,2431.79,1399905.47,575.67
21/08/2016 00:00,577.7,583.99,576.01,577.55,1139.76,659564.96,578.69
22/08/2016 00:00,577.55,585.95,572.5,582.78,5086.06,2950211.77,580.06
23/08/2016 00:00,582.78,584.99,576,580.23,4182.05,2429199.91,580.86
24/08/2016 00:00,580.27,582.1,575.4,577.58,2991.01,1731521.18,578.91
25/08/2016 00:00,577.65,578.75,571.16,575.71,4231.41,2432466.9,574.86
26/08/2016 00:00,575.75,582.46,574.1,578.78,3300.3,1906954.63,577.81
27/08/2016 00:00,577.92,579.09,564.81,568.31,2702.58,1540115.46,569.87
28/08/2016 00:00,567.51,573.34,566.8,573.2,1034.08,589949.31,570.51
29/08/2016 00:00,573.2,575,568.6,571.5,2333.01,1337424.14,573.26
30/08/2016 00:00,570.74,576.5,568.55,575.91,4439.35,2549324.68,574.26
31/08/2016 00:00,575.88,576.49,568.4,570.75,3917.83,2238453.98,571.35
01/09/2016 00:00,570.75,572.86,566.86,571.05,2833.21,1614962.02,570.01
02/09/2016 00:00,571.05,574.2,567.03,572,2996.65,1711339.75,571.08
03/09/2016 00:00,572,598.64,569.01,595.01,4645.78,2709470.38,583.21
04/09/2016 00:00,596.25,609.05,590.88,603.72,3951.2,2374456.19,600.95
05/09/2016 00:00,605.72,607.31,592.46,603.48,3838.18,2307087.14,601.09
06/09/2016 00:00,604.98,609.74,601,608.16,4038.34,2447636.44,606.1
07/09/2016 00:00,608.93,615.92,604.7,615.16,4502.71,2749975.14,610.74
08/09/2016 00:00,614.44,628.98,611.66,625.67,4354.95,2710494.38,622.39
09/09/2016 00:00,625.67,627.49,612.93,622.01,3274.08,2031926.21,620.61
10/09/2016 00:00,622.01,625,618.67,621.65,1527.84,950617.06,622.2
11/09/2016 00:00,621.65,628.99,594.63,606.32,5336.95,3240280.33,607.14
12/09/2016 00:00,604.08,609.15,602,608.04,3512.28,2126936.02,605.57
13/09/2016 00:00,606.4,609.61,603.28,607.46,3471.53,2106487.11,606.79
14/09/2016 00:00,607.45,610.69,605.98,608.5,2895.46,1761472.1,608.36
15/09/2016 00:00,608.5,608.99,602.3,606.71,3085.67,1870525.59,606.2
16/09/2016 00:00,606.65,608.99,603.5,605.69,2612.88,1585218.43,606.69
17/09/2016 00:00,607.04,607.59,601.1,604.1,1117.49,674972.58,604.01
18/09/2016 00:00,602.93,609.06,601.97,608,1307.06,792167.99,606.07
19/09/2016 00:00,608,609.5,603,608.72,2476.59,1504205.84,607.37
20/09/2016 00:00,608.73,608.88,600.94,600.94,2680.45,1625919.57,606.59
21/09/2016 00:00,600.85,601.01,592.1,595.46,3671.19,2184063.91,594.92
22/09/2016 00:00,595.46,596.42,592.5,595.41,2421.45,1440643.03,594.95
23/09/2016 00:00,595.42,602.9,593,601.42,4007.88,2394294.73,597.4
24/09/2016 00:00,600.47,603.59,597.76,599.33,1140.23,685185.08,600.92
25/09/2016 00:00,600.05,601.99,596,598.98,1086.84,650928.91,598.92
26/09/2016 00:00,598.95,607.27,596.1,606.47,4056.39,2444753.79,602.69
27/09/2016 00:00,606.7,608.37,600.02,604.26,3055.82,1846161.51,604.15
28/09/2016 00:00,605.07,605.3,601.41,603.95,2202.75,1329117.2,603.39
29/09/2016 00:00,603.93,605.99,601,605.6,2718.02,1641055.44,603.77
30/09/2016 00:00,605.59,608.39,603.15,608.23,2633.44,1593409.04,605.07
01/10/2016 00:00,608.23,614.28,608.23,612.98,1458.84,892033.66,611.47
02/10/2016 00:00,612.98,613,605,608.6,1407.06,856141.65,608.46
03/10/2016 00:00,608.6,612.98,606.6,611.16,2245.89,1370270.02,610.12
04/10/2016 00:00,612.84,612.84,604.99,607.19,2955.42,1795599.85,607.56
05/10/2016 00:00,607.19,612,605.76,608.49,2410.93,1469331.48,609.45
06/10/2016 00:00,608.01,610.5,607.09,610.25,2039.82,1242954.86,609.35
07/10/2016 00:00,610.25,616.34,607.52,614.88,4033.82,2468265.95,611.89
08/10/2016 00:00,614.88,616.99,612.5,614.34,888.66,546015.41,614.43
09/10/2016 00:00,614.34,614.98,610,613.06,1174.26,719904.66,613.07
10/10/2016 00:00,612.12,616.47,612.12,616,2295.52,1410892.89,614.63
11/10/2016 00:00,616.37,639,614.56,639,8087.32,5100218.35,630.64
12/10/2016 00:00,638.3,640,628.76,634.5,2658.53,1690227.11,635.78
13/10/2016 00:00,634.5,636,630,634.02,2381.5,1510988.67,634.47
14/10/2016 00:00,635.16,639.99,630.45,638.2,3154.82,2003219.14,634.97
15/10/2016 00:00,638.2,642,635.25,635.96,1421.85,908251.54,638.78
16/10/2016 00:00,635.26,641.4,635.18,638.97,1289.54,823539.55,638.63
17/10/2016 00:00,638.97,639.99,632.1,636.91,3958.04,2516207.28,635.72
18/10/2016 00:00,636.96,637.8,631.52,635.95,2731.18,1735476.56,635.43
19/10/2016 00:00,635.95,638.04,624.13,627.98,4472.9,2824080.05,631.38
20/10/2016 00:00,627.84,630.22,625,628.89,2040.01,1280448.68,627.67
21/10/2016 00:00,628.05,632.36,627.5,629,3050.51,1919969.05,629.39
22/10/2016 00:00,628.99,656,628.57,654.52,4351.62,2812594.62,646.33
23/10/2016 00:00,654.52,656,647.51,648.74,2535.01,1651700.19,651.56
24/10/2016 00:00,648.71,652.25,640,648.6,4679,3027622.03,647.07
25/10/2016 00:00,649.03,657.58,643,651.97,6106.92,3982507.67,652.13
26/10/2016 00:00,651.97,677,651.69,675.11,6716.23,4466380.41,665.01
27/10/2016 00:00,674.63,685.89,665.59,684.71,4545.44,3090089.93,679.82
28/10/2016 00:00,684.68,687.23,677.05,685.91,3574.08,2446577.64,684.53
29/10/2016 00:00,685.91,717.99,684.89,711.13,4034.88,2839203.57,703.66
30/10/2016 00:00,711.1,711.78,691.49,697.23,3752.53,2630802.8,701.08
31/10/2016 00:00,697.1,706.97,683.6,697.01,4655.89,3246833.13,697.36
01/11/2016 00:00,697.04,737,695.38,726.6,6570.02,4746887.12,722.51
02/11/2016 00:00,726.6,742,717.32,742,4320.53,3133467.19,725.25
03/11/2016 00:00,742,745.19,670.32,685.22,12102.24,8620853.88,712.34
04/11/2016 00:00,684.84,707.67,681,702.7,5345.68,3725359.65,696.89
05/11/2016 00:00,702.95,707.34,694.71,703.46,1918.31,1346262.96,701.8
06/11/2016 00:00,703.33,714.36,697.92,709.93,2292.86,1620784.56,706.88
07/11/2016 00:00,709.92,709.92,698.26,702.86,3020.87,2123754.48,703.03
08/11/2016 00:00,702.86,712.92,701.02,709.31,5526.47,3905868.36,706.76
09/11/2016 00:00,708.17,740.86,705.45,721.5,9726.25,7081641.53,728.1
10/11/2016 00:00,721.5,722,707,714.47,4996.45,3570538.74,714.61
11/11/2016 00:00,714.48,720.94,712.24,716.39,3328.33,2382869.96,715.94
12/11/2016 00:00,716.39,716.39,701,702.28,2811.55,1988237.32,707.17
13/11/2016 00:00,701.17,702.89,683.23,700.38,6023.55,4174451.24,693.02
14/11/2016 00:00,700.38,705.89,697.14,703.82,7566.58,5302237.19,700.74
15/11/2016 00:00,704.98,716.54,703.05,711.06,5668.94,4030616.4,711
16/11/2016 00:00,711.07,742.87,708.44,739.71,11585.05,8443845.52,728.86
17/11/2016 00:00,739.71,749.98,732.22,735.24,6681.43,4971520.49,744.08
18/11/2016 00:00,736,752.95,731.31,748.98,4271.04,3180459.44,744.66
19/11/2016 00:00,748.98,755.07,742.63,750.75,1965.44,1470296.81,748.08
20/11/2016 00:00,750.09,753.82,714,727.09,5525.96,4046316.48,732.24
21/11/2016 00:00,727.09,739.2,727.03,736.76,4017.58,2948982.13,734.02
22/11/2016 00:00,736.92,750,730.27,749.22,5034.7,3735123.75,741.88
23/11/2016 00:00,749.13,749.98,729.92,740.18,4462.78,3298351.61,739.08
24/11/2016 00:00,740.18,741.15,729,735.63,4039.82,2967466.39,734.55
25/11/2016 00:00,735.63,737.07,728,737.07,3356.09,2459029.2,732.71
26/11/2016 00:00,736.96,737.56,722.3,729.91,2314.58,1685262.3,728.11
27/11/2016 00:00,729.91,732,722.44,727.32,3447.87,2508288.05,727.49
28/11/2016 00:00,727.32,732.44,724.1,729.54,4741.12,3457223,729.2
29/11/2016 00:00,730.99,733.29,721,730.76,5406.9,3944721.68,729.57
30/11/2016 00:00,730.72,744.49,727,742.06,6249.62,4608044.88,737.33
01/12/2016 00:00,742.06,754.98,740.18,751.54,6124.5,4590130.15,749.47
02/12/2016 00:00,751.55,778.07,750.77,769.99,8098.58,6209209.26,766.7
03/12/2016 00:00,770.91,770.99,752.41,760.75,2772.66,2114389.56,762.58
04/12/2016 00:00,762.97,762.97,752.41,762,3215.68,2440424.84,758.91
05/12/2016 00:00,762,762.09,743,750.24,5567.77,4175776.97,749.99
06/12/2016 00:00,749.51,759.9,747.99,758.98,6763.74,5108421.86,755.27
07/12/2016 00:00,758.97,769.61,751.78,763.99,4809.71,3665122.08,762.03
08/12/2016 00:00,764.05,772.01,762.29,766.84,4892.94,3758555.43,768.16
09/12/2016 00:00,766.84,773.99,766.29,769.57,2868.42,2209620.29,770.33
10/12/2016 00:00,769.57,774.12,768.11,772.28,2200.71,1700155.02,772.55
11/12/2016 00:00,772.28,772.28,764.01,768.97,1421.13,1090977.42,767.68
12/12/2016 00:00,768.97,779,768.96,776.9,2805.19,2174538.23,775.18
13/12/2016 00:00,777,793.27,765.1,775.35,4918.81,3828369.08,778.31
14/12/2016 00:00,775.75,781,770.74,777.09,2333.38,1812395.34,776.73
15/12/2016 00:00,777.03,779.08,771,775.89,3039.82,2360816.75,776.63
16/12/2016 00:00,776.3,782.46,771.24,781.32,3475.77,2706428.28,778.66
17/12/2016 00:00,781.32,790.88,780.36,788.52,2389.76,1878367.31,786.01
18/12/2016 00:00,788.3,790.99,780,788.67,2519.24,1983165.37,787.21
19/12/2016 00:00,788.34,794.39,787.01,791,3917.87,3100648.86,791.41
20/12/2016 00:00,791.03,803,787.1,798.65,4118.69,3267705.4,793.38
21/12/2016 00:00,798.83,834.97,796.82,832.75,9391.36,7667888.81,816.48
22/12/2016 00:00,832.02,875,827.29,859.96,12070.35,10331509.73,855.94
23/12/2016 00:00,858.94,920,858.93,914,16526.63,14837057.96,897.77
24/12/2016 00:00,914.48,918.5,878.89,892.61,6026.45,5425021.88,900.2
25/12/2016 00:00,892.61,894.97,859,890.67,4658.24,4071449.16,874.03
26/12/2016 00:00,890.65,905.18,888,897.1,3467.55,3117208.42,898.97
27/12/2016 00:00,897.82,936.42,891,930.34,7225.77,6665199.07,922.42
28/12/2016 00:00,930.34,976.48,929.49,976.47,12285.11,11744311.24,955.98
29/12/2016 00:00,976.48,980.74,950,969.58,7858.46,7599251.05,967.02
30/12/2016 00:00,969.99,970,931,959.54,10755.04,10228764.24,951.07
31/12/2016 00:00,959.54,966.37,944.11,966.3,4162.92,3978648.15,955.73
01/01/2017 00:00,966.34,1005,960.53,997.75,6850.59,6764742.06,987.47
02/01/2017 00:00,997.75,1032,990.01,1012.54,8167.38,8273576.99,1013
03/01/2017 00:00,1011.44,1039,999.99,1035.24,9089.66,9276500.31,1020.56
04/01/2017 00:00,1035.51,1139.89,1028.56,1114.92,21562.46,23469644.96,1088.45
05/01/2017 00:00,1114.38,1136.72,885.41,1004.74,36018.86,36211399.53,1005.35
06/01/2017 00:00,1004.73,1026.99,871,893.89,27916.7,25523261.28,914.26
07/01/2017 00:00,894.02,907.05,812.28,906.2,20401.11,17624310.02,863.89
08/01/2017 00:00,906.2,941.81,881.3,909.75,8937.49,8168170.35,913.92
09/01/2017 00:00,909.8,912.87,875,896.23,8716.18,7780059.06,892.6
10/01/2017 00:00,896.09,912.47,889.41,905.05,8535.52,7704271.2,902.61
11/01/2017 00:00,905.24,918.4,755,778.62,35893.77,29459968.9,820.75
12/01/2017 00:00,778.7,832.99,751.34,807.47,17400.14,13632251.44,783.46
13/01/2017 00:00,807.51,831.4,775,825.86,11409.52,9224729.89,808.51
14/01/2017 00:00,825.98,837.76,810,818.27,6614.72,5470214.99,826.98
15/01/2017 00:00,819.52,823.45,808,821.86,4231.46,3455365.87,816.59
16/01/2017 00:00,821.86,835,818.09,831.81,6166.04,5107031.21,828.25
17/01/2017 00:00,831.76,908.5,827,905.99,12264.17,10775497.86,878.62
18/01/2017 00:00,905.95,915.99,851.74,887.7,11181.9,9830117.65,879.11
19/01/2017 00:00,887.69,910,878.89,901.01,11094.6,9929647.2,895
20/01/2017 00:00,902.23,902.43,880,895.8,6618.63,5915865.49,893.82
21/01/2017 00:00,895.81,928,895,921.98,5865.63,5373391.08,916.08
22/01/2017 00:00,921.98,937.74,886.76,923.76,7166.67,6569177.19,916.63
23/01/2017 00:00,923.75,927.57,913.21,913.52,3514.74,3234454.3,920.25
24/01/2017 00:00,913.15,923,881.48,885.47,9405.05,8495975.46,903.34
25/01/2017 00:00,885.47,904.01,884.5,893.43,5291.55,4725942.37,893.11
26/01/2017 00:00,893.25,919.49,892.86,914.83,5164.9,4688102.25,907.69
27/01/2017 00:00,914.95,924.88,908.01,918.02,4830.54,4433746.38,917.86
28/01/2017 00:00,918.02,920.99,913.08,918.6,1175.86,1078884.52,917.53
29/01/2017 00:00,918.6,919.99,910.45,912.01,1349.01,1234746.08,915.29
30/01/2017 00:00,913.12,923,910,919.99,3121.19,2865063.73,917.94
31/01/2017 00:00,919.99,970,917.5,963.99,9507.1,9024041.55,949.19
01/02/2017 00:00,963.99,986.96,962,983.67,6954.4,6748543.97,970.4
02/02/2017 00:00,983.79,1011.65,973.12,1009.17,8269.68,8222686.79,994.32
03/02/2017 00:00,1009.15,1022.64,987.01,1016.99,10928.02,11029881.3,1009.32
04/02/2017 00:00,1015.06,1044.23,1004,1033.18,5752.29,5884560.6,1022.99
05/02/2017 00:00,1033.72,1034.6,1004.7,1011.07,4348.17,4417546.51,1015.96
06/02/2017 00:00,1010.03,1031.94,1005.1,1023.99,5080.85,5188721.52,1021.23
07/02/2017 00:00,1024,1056.25,1021.3,1052.48,5372.13,5605838.11,1043.5
08/02/2017 00:00,1052.48,1070,1025,1050.4,9633.26,10072826.84,1045.63
09/02/2017 00:00,1051.73,1074.69,913.73,986,25150.07,25064862.06,996.61
10/02/2017 00:00,985.71,1010.68,950,996.08,10731.29,10491584.37,977.66
11/02/2017 00:00,995.49,1020,987.62,1012.4,4472.51,4509154.73,1008.19
12/02/2017 00:00,1011.01,1011.97,991.98,1000.73,2684,2690265.37,1002.34
13/02/2017 00:00,1000.73,1007.89,975.1,1000.79,4547.26,4522130.78,994.47
14/02/2017 00:00,1000.74,1019,987.97,1008.88,6761.11,6806110.34,1006.66
15/02/2017 00:00,1008.88,1013.8,1000.97,1011.53,3095.66,3123812.22,1009.09
16/02/2017 00:00,1011.53,1043.21,1010.75,1032.7,5996.1,6170238.86,1029.04
17/02/2017 00:00,1032.91,1064.99,1031.98,1055.46,6085.02,6386285.16,1049.51
18/02/2017 00:00,1055.75,1068.99,1046.14,1056.4,4474.95,4745831.61,1060.53
19/02/2017 00:00,1056.4,1061.9,1039.07,1051.8,2270.85,2388775.41,1051.93
20/02/2017 00:00,1051.8,1089.99,1044.39,1084,3664.37,3902660.35,1065.03
21/02/2017 00:00,1084,1126.86,1077,1124.62,8395.47,9273663.18,1104.6
22/02/2017 00:00,1124.83,1143,1098.16,1130.01,11673.09,13146726.04,1126.24
23/02/2017 00:00,1130.02,1193.92,1120.73,1188.11,11753.24,13558056.03,1153.56
24/02/2017 00:00,1183.53,1220,1091.1,1180.14,19598.23,23023500.2,1174.77
25/02/2017 00:00,1180.05,1184.73,1127,1152.2,6238.44,7226444.77,1158.37
26/02/2017 00:00,1152.11,1184.97,1133,1179.05,3536.49,4127618.08,1167.15
27/02/2017 00:00,1180.46,1197.99,1169,1194.64,4640.77,5511306.9,1187.58
28/02/2017 00:00,1194.64,1209.99,1176.27,1191.21,7562.47,9017082.51,1192.35
01/03/2017 00:00,1191.16,1231,1188.3,1226.39,6013.07,7276140.33,1210.05
02/03/2017 00:00,1228,1283.25,1215,1257.6,7762.73,9679539.51,1246.92
03/03/2017 00:00,1256.32,1298,1255,1285.33,7545.48,9615648.42,1274.36
04/03/2017 00:00,1287.38,1289.55,1230,1260,4951.23,6237601.9,1259.81
05/03/2017 00:00,1260,1275,1240,1273,3026.02,3809526.44,1258.92
06/03/2017 00:00,1269.98,1285,1251,1278.49,4249.65,5420772.93,1275.58
07/03/2017 00:00,1278.49,1281.62,1175.97,1233.05,14450.04,17887749.61,1237.9
08/03/2017 00:00,1233.86,1245.49,1145.5,1150.05,13399.44,15905595.45,1187.03
09/03/2017 00:00,1149.34,1208,1135.01,1190.89,7654.74,9019820.32,1178.33
10/03/2017 00:00,1190.99,1350,975,1116.97,33467.94,38830456.29,1160.23
11/03/2017 00:00,1111.55,1198,1106.51,1176.55,7346.79,8529224.3,1160.95
12/03/2017 00:00,1176.58,1241.85,1170.9,1226.62,5793.91,7003314.41,1208.74
13/03/2017 00:00,1226.42,1249.02,1215.43,1242.46,5637.36,6963555.14,1235.25
14/03/2017 00:00,1242.46,1260,1226.5,1245.86,5745.5,7156458.55,1245.58
15/03/2017 00:00,1245.82,1260,1238.32,1257.32,3930.5,4920843.36,1251.96
16/03/2017 00:00,1258.75,1258.96,1130,1172.62,15246.55,18265147.56,1197.99
17/03/2017 00:00,1172,1173.23,1063,1071.02,16704.57,18711161.79,1120.12
18/03/2017 00:00,1068.16,1099,944.36,969.4,21292.6,21545879.41,1011.89
19/03/2017 00:00,969.4,1063.7,969.4,1017.97,12201.86,12333561.01,1010.79
20/03/2017 00:00,1012.88,1053,1010.01,1035.96,7497.91,7764665.81,1035.58
21/03/2017 00:00,1036.23,1117.9,1034.92,1114.39,11125.5,12068049.72,1084.72
22/03/2017 00:00,1114.39,1114.39,988,1037.56,14521.26,15061002.63,1037.17
23/03/2017 00:00,1037.6,1054.4,1010.69,1029.65,5917,6134595.75,1036.78
24/03/2017 00:00,1030.84,1032,920,929.06,16072.42,15697051.68,976.65
25/03/2017 00:00,928.1,963.36,891.33,956.02,13507.44,12469646.95,923.17
26/03/2017 00:00,956.02,997,937.52,960,9012.92,8743359.97,970.09
27/03/2017 00:00,959.08,1043,952.95,1039.92,8687.09,8753826.09,1007.68
28/03/2017 00:00,1039.09,1068.26,1014.9,1043.99,9115.52,9538479.55,1046.4
29/03/2017 00:00,1042.83,1059.43,1008.16,1035.96,9379.72,9675900.4,1031.58
30/03/2017 00:00,1037.29,1050.17,1017.14,1033.7,8645.38,8919386.18,1031.69
31/03/2017 00:00,1033.79,1081,1031.43,1070.31,12058.79,12711331.62,1054.11
01/04/2017 00:00,1071.34,1097,1061.64,1083.94,5209.13,5617315.77,1078.36
02/04/2017 00:00,1083.95,1100,1066.49,1078.01,7639.9,8274688.32,1083.09
03/04/2017 00:00,1076.59,1152,1076.19,1144.77,11076.86,12487637.63,1127.36
04/04/2017 00:00,1146.42,1162.93,1118.85,1143,7420.87,8471842.7,1141.62
05/04/2017 00:00,1143,1145,1111,1134.58,5588.98,6299621.45,1127.15
06/04/2017 00:00,1134.86,1201.37,1134.36,1190.85,9134.3,10690571.43,1170.38
07/04/2017 00:00,1190.72,1202,1176,1190.66,5450.27,6486716.5,1190.16
08/04/2017 00:00,1190.66,1197.3,1166.66,1184.03,2720.8,3224244.36,1185.04
09/04/2017 00:00,1184.05,1216.87,1173.98,1206.2,4817.42,5764973.91,1196.69
10/04/2017 00:00,1205.2,1219.71,1195,1209.25,3656.82,4416613.87,1207.78
11/04/2017 00:00,1209.99,1229,1198.02,1218.99,3487.75,4229830.76,1212.77
12/04/2017 00:00,1218.99,1224.57,1208,1212.17,3475.19,4224875.8,1215.72
13/04/2017 00:00,1212.16,1219.45,1141,1172.91,7135.3,8410788.79,1178.76
14/04/2017 00:00,1172.56,1193,1142,1170.34,8982.77,10475652.88,1166.19
15/04/2017 00:00,1169.53,1192.5,1165,1173.45,1804.45,2128067.82,1179.34
16/04/2017 00:00,1171,1179.3,1150,1162.31,2663.99,3094769.46,1161.7
17/04/2017 00:00,1162.31,1192.5,1161,1176.54,3568.83,4210491.81,1179.8
18/04/2017 00:00,1176.59,1210,1175.95,1202.58,5514.18,6636782.79,1203.58
19/04/2017 00:00,1202.59,1209.99,1190,1203.98,6046.52,7247878.76,1198.69
20/04/2017 00:00,1203.98,1243.88,1201.66,1234.19,5972.94,7302307.33,1222.57
21/04/2017 00:00,1234.93,1252.32,1231.65,1243.61,5023.04,6236859.58,1241.65
22/04/2017 00:00,1243.6,1247.15,1199,1233.2,4173.28,5126960.21,1228.52
23/04/2017 00:00,1231.85,1248.99,1223.42,1241.99,2604.72,3219987.14,1236.21
24/04/2017 00:00,1242,1254,1234,1253.58,3048.69,3788507.32,1242.67
25/04/2017 00:00,1253.57,1280,1251.07,1269,5249.77,6651231.27,1266.96
26/04/2017 00:00,1271.4,1330,1265,1287.99,8707.64,11266221.16,1293.83
27/04/2017 00:00,1287.92,1342.02,1285,1331.53,6669.99,8810060.91,1320.85
28/04/2017 00:00,1331,1347.02,1299,1330.7,8234.28,10882526.4,1321.61
29/04/2017 00:00,1333.93,1342.8,1316,1333,3927.45,5226089.45,1330.66
30/04/2017 00:00,1336.77,1356,1315.68,1350.21,3536.18,4718587.81,1334.38
01/05/2017 00:00,1348.88,1425,1341.22,1390.86,8604.41,11923132.22,1385.7
02/05/2017 00:00,1390.86,1481.73,1388,1447.75,8920.69,12836209.77,1438.93
03/05/2017 00:00,1447.75,1516.04,1431.02,1503.22,11077.59,16380266.84,1478.69
04/05/2017 00:00,1503.25,1623.01,1444.94,1537.23,19548.53,30115422.58,1540.55
05/05/2017 00:00,1537.36,1609,1495,1514.9,15603.68,24257672.5,1554.61
06/05/2017 00:00,1515.39,1578.97,1505,1558.02,7901.14,12179087.26,1541.43
07/05/2017 00:00,1554.04,1565,1525,1554.01,7667.79,11809645.33,1540.16
08/05/2017 00:00,1554.38,1653.97,1554.38,1649.54,19262.35,30652223.06,1591.3
09/05/2017 00:00,1649.55,1760.4,1616.05,1720.28,16807.73,28741490.64,1710.02
10/05/2017 00:00,1720.26,1794.21,1682,1772.58,11265.38,19697560.66,1748.5
11/05/2017 00:00,1774.52,1892,1745.01,1828.45,14740.22,26997283.11,1831.54
12/05/2017 00:00,1830.85,1832,1650,1691.51,17062.84,29856372.54,1749.79
13/05/2017 00:00,1690.33,1785.82,1601.46,1776.89,10532.23,17797259.46,1689.79
14/05/2017 00:00,1776.8,1815,1753,1784,4816.73,8585557.39,1782.44
15/05/2017 00:00,1782.3,1784,1682.56,1705.48,13316.8,22951575.79,1723.51
16/05/2017 00:00,1706.07,1750,1641.22,1700.01,16554.09,28255380.02,1706.85
17/05/2017 00:00,1700.01,1840.42,1670.01,1782.99,17797.32,31598676.87,1775.47
18/05/2017 00:00,1779,1881.8,1766.33,1878.99,11916.12,21766168.13,1826.61
19/05/2017 00:00,1879,1969.99,1874.99,1958,14124.62,27218796.92,1927.05
20/05/2017 00:00,1959.09,2021,1914,2013.99,12309.95,24248476.49,1969.83
21/05/2017 00:00,2013.99,2063.11,1961.52,2017.55,6755.83,13647083.74,2020.04
22/05/2017 00:00,2017.55,2230.34,2001,2099.97,16338.54,34535101.53,2113.72
23/05/2017 00:00,2088.76,2275,2088.45,2264.23,14138.92,31139771.52,2202.42
24/05/2017 00:00,2265.9,2481.75,2264.64,2420.29,22144.6,52782234.68,2383.53
25/05/2017 00:00,2420.29,2760.1,2221,2292.53,32964.76,83028907.05,2518.72
26/05/2017 00:00,2277.01,2599.12,2060,2279.82,28326.82,66466402.58,2346.41
27/05/2017 00:00,2280.7,2339.94,1850,2042,26216.28,54113571.78,2064.12
28/05/2017 00:00,2042.89,2313.96,2041.48,2178.81,15375.22,33655092.72,2188.92
29/05/2017 00:00,2172.54,2350,2110,2292.1,12129.28,27376000.71,2257.02
30/05/2017 00:00,2290.18,2339.08,2160,2203.51,13888.85,31434633.58,2263.3
31/05/2017 00:00,2201.7,2334,2154.28,2298.01,16279.29,36862481.13,2264.38
01/06/2017 00:00,2298.01,2456.39,2296.81,2413.63,18401.66,43990417.87,2390.57
02/06/2017 00:00,2413.58,2489,2370.03,2488.94,12428.7,30186115.46,2428.74
03/06/2017 00:00,2488.94,2584.34,2445,2540.94,10810.58,27295110.64,2524.85
04/06/2017 00:00,2538.1,2569,2460,2530.27,8828.62,22263365.05,2521.73
05/06/2017 00:00,2530.27,2699.35,2525.28,2698,12221.44,31919212.32,2611.74
06/06/2017 00:00,2698,2933,2689.4,2880.74,26695.67,75249106.78,2818.78
07/06/2017 00:00,2875.71,2893.28,2612.5,2683.03,16967.04,47205426.44,2782.18
08/06/2017 00:00,2680.24,2815,2613.13,2806,13251.41,36430027.3,2749.14
09/06/2017 00:00,2805.46,2868.23,2780.43,2822.32,8036.31,22701156.24,2824.82
10/06/2017 00:00,2818,2912.98,2800,2899.99,9593.36,27434766.12,2859.77
11/06/2017 00:00,2899.01,2967.46,2861.53,2954.22,6830.61,19889995.68,2911.89
12/06/2017 00:00,2954.23,2980,2480.03,2667.06,31534.95,85799286.22,2720.77
13/06/2017 00:00,2656.97,2783.62,2638.62,2703.02,16275.83,44217458.2,2716.76
14/06/2017 00:00,2705.99,2801,2320,2450,29478.82,76114991.86,2582.02
15/06/2017 00:00,2451.42,2516.2,2120,2424.91,36751.09,84952914.56,2311.58
16/06/2017 00:00,2424.96,2540,2307.66,2484.68,13802.39,33831741.34,2451.15
17/06/2017 00:00,2484.68,2674.4,2420.53,2630,11142.99,28569796.41,2563.93
18/06/2017 00:00,2630.06,2665,2460.62,2516.98,9424.23,24023680.66,2549.14
19/06/2017 00:00,2516.98,2598,2480.96,2598,10570.67,27011860.51,2555.36
20/06/2017 00:00,2598,2783,2581,2740,15891.7,42538164.74,2676.75
21/06/2017 00:00,2734.03,2789,2611,2657.04,15676.32,42304860.31,2698.65
22/06/2017 00:00,2658.67,2740,2594.61,2713.48,10792.79,28955845.86,2682.89
23/06/2017 00:00,2713.48,2745,2657.46,2685.05,8232.48,22348019.56,2714.62
24/06/2017 00:00,2685.05,2724.96,2512.13,2557.66,13342.82,34944802.73,2619
25/06/2017 00:00,2557.66,2635.72,2432,2502.03,10339.57,26249953.89,2538.78
26/06/2017 00:00,2502.26,2550.03,2315.01,2421.22,22094.21,54096000.65,2448.42
27/06/2017 00:00,2421.21,2565,2291,2565,19129.6,45774590.05,2392.87
28/06/2017 00:00,2565,2593,2468.01,2559.9,12274.55,31106035.77,2534.19
29/06/2017 00:00,2550.99,2594.78,2500.31,2541.59,8125.38,20771078.34,2556.32
30/06/2017 00:00,2538.41,2564.58,2451,2465.49,8715.72,21948643.03,2518.28
01/07/2017 00:00,2465.48,2517.11,2390,2412.41,8885.89,21750491.24,2447.76
02/07/2017 00:00,2421.3,2528.72,2374.34,2504.37,8744.53,21386273.68,2445.67
03/07/2017 00:00,2504.81,2595,2472.68,2550.47,11520.71,29213705.74,2535.76
04/07/2017 00:00,2540.07,2639.47,2540.07,2596.12,9662.76,25107482.88,2598.38
05/07/2017 00:00,2594.52,2623,2530.1,2602.9,10882.84,27950344.7,2568.3
06/07/2017 00:00,2598.37,2614,2522,2600.39,8333.98,21529601.71,2583.35
07/07/2017 00:00,2599.01,2605,2475,2501.46,9430.62,23870564.36,2531.18
08/07/2017 00:00,2501.46,2555,2462,2550.07,5405.89,13584489.52,2512.9
09/07/2017 00:00,2550.13,2564.65,2500.5,2502.28,4483.14,11362427.97,2534.48
10/07/2017 00:00,2504,2527.88,2261.85,2323.45,17296.34,41650843.77,2408.07
11/07/2017 00:00,2326.12,2399,2242.62,2305.98,17580.96,41145883.94,2340.37
12/07/2017 00:00,2301.55,2408.84,2239.54,2388,12883.55,30256255.57,2348.44
13/07/2017 00:00,2383.97,2425.16,2312.93,2339.99,8429.85,19957908.68,2367.53
14/07/2017 00:00,2340,2357.84,2140,2213.37,12659.02,28326253.11,2237.63
15/07/2017 00:00,2209.44,2219.99,1967.65,1970.51,19886.68,40927009.37,2058.01
16/07/2017 00:00,1970.51,2044.44,1830,1917.63,25562.71,49010482.23,1917.27
17/07/2017 00:00,1917.72,2229.97,1910.57,2226,26448.5,55057438.35,2081.68
18/07/2017 00:00,2226,2392,2164,2303.71,25204.49,57683997.07,2288.64
19/07/2017 00:00,2308.82,2402.5,2223,2265.21,17009.88,39248446.86,2307.39
20/07/2017 00:00,2265.51,2938,2265.51,2875.03,30989.89,80388738.23,2594.03
21/07/2017 00:00,2880,2887.45,2611.39,2670,20724.16,56456355.34,2724.18
22/07/2017 00:00,2667.01,2882,2644.59,2832.71,12819.63,35805144.41,2792.99
23/07/2017 00:00,2824.82,2855,2640,2749.02,11001.96,30310788.74,2755.03
24/07/2017 00:00,2756.8,2800,2701,2759.98,10001.92,27562701.02,2755.74
25/07/2017 00:00,2759.95,2775.79,2450,2564.82,21326.55,55120720.9,2584.61
26/07/2017 00:00,2564.74,2608.96,2400,2524.99,17713.67,44091449.21,2489.12
27/07/2017 00:00,2524.99,2695,2509.63,2666.33,11826.48,30470923.86,2576.5
28/07/2017 00:00,2666.33,2825,2655.82,2777.01,14069.5,38675840.62,2748.91
29/07/2017 00:00,2777.01,2785.65,2631.78,2680.56,10782.22,29159800.95,2704.43
30/07/2017 00:00,2681.6,2774.45,2569.69,2742.37,9678.16,25848893.08,2670.85
31/07/2017 00:00,2745.76,2889.99,2680.01,2855.81,11114.34,30777296.21,2769.15
01/08/2017 00:00,2855.81,2929.17,2615,2731,12525.08,34322796.56,2740.33
02/08/2017 00:00,2732,2760,2650,2703.51,9486.63,25701106.1,2709.19
03/08/2017 00:00,2703.51,2807.44,2698.83,2793.37,7963.7,21938304,2754.79
04/08/2017 00:00,2793.34,2877.52,2765.91,2855,7635.82,21650087.64,2835.33
05/08/2017 00:00,2851.01,3339.66,2848.32,3263.62,16996.27,53861926.03,3169.04
06/08/2017 00:00,3263.51,3296.51,3146.1,3222.75,5998.74,19412655.97,3236.12
07/08/2017 00:00,3216.78,3430,3186,3387.55,12046.12,40225852,3339.32
08/08/2017 00:00,3387.54,3490,3300,3412.41,15835.37,54054824.25,3413.55
09/08/2017 00:00,3408.46,3423.1,3178.72,3342.99,14286.84,47356464.4,3314.69
10/08/2017 00:00,3342.99,3448,3311.17,3413.03,9031.12,30658440.51,3394.75
11/08/2017 00:00,3410,3705,3390.67,3645.06,11927.37,41888022.26,3511.92
12/08/2017 00:00,3651.74,3934,3586.95,3855.1,12351.07,46799798.4,3789.13
13/08/2017 00:00,3855.04,4190,3841.71,4053.87,15889.83,63672103.45,4007.1
14/08/2017 00:00,4053.87,4329.43,3964.96,4306.23,14212.3,59836002.81,4210.15
15/08/2017 00:00,4320.95,4400,3800,4155.67,25515.72,104651369.1,4101.45
16/08/2017 00:00,4154.99,4379.78,3926.06,4378.84,12923.64,54194325.8,4193.43
17/08/2017 00:00,4361.99,4480,4167.21,4276.5,14573.19,63228604.19,4338.69
18/08/2017 00:00,4260.47,4368,3964.96,4100,17516.99,73224029.24,4180.17
19/08/2017 00:00,4100,4188,3900,4099.55,15036.18,60604905.58,4030.6
20/08/2017 00:00,4091.99,4125.95,4000,4058.68,6237.97,25289638.6,4054.14
21/08/2017 00:00,4058.64,4080,3949.78,3987.52,9782.06,39203908.96,4007.74
22/08/2017 00:00,3987.51,4139.31,3600,4085,23522.76,91600325.72,3894.12
23/08/2017 00:00,4078,4248.97,4051.94,4108.12,14979.4,62117291.56,4146.85
24/08/2017 00:00,4121.78,4350,4082.57,4300.34,10782.69,45174068.67,4189.5
25/08/2017 00:00,4308.8,4449.98,4270,4355.98,9699.61,42274063.39,4358.33
26/08/2017 00:00,4348.17,4369.78,4232.43,4333.38,6559.67,28227915.28,4303.25
27/08/2017 00:00,4333.38,4393.3,4290.32,4337.68,3979.12,17263967.23,4338.63
28/08/2017 00:00,4329.91,4399.72,4169.01,4379.99,8641,37077203.39,4290.85
29/08/2017 00:00,4385,4649.78,4336.26,4578.82,11879.64,53491168.4,4502.76
30/08/2017 00:00,4578.82,4642.22,4479,4573.2,8720.04,39800539.16,4564.26
31/08/2017 00:00,4573.15,4765.21,4566.66,4734.26,8911.41,41726210.49,4682.33
01/09/2017 00:00,4734.26,4935,4671.09,4921.7,15367.53,73889667.5,4808.17
02/09/2017 00:00,4921.71,4979.9,4488.5,4599.9,16977.79,79492706.8,4682.16
03/09/2017 00:00,4599.9,4700,4385,4606.26,11224.91,51112035,4553.45
04/09/2017 00:00,4603.68,4613.97,4058.5,4277,25069.13,107792606.9,4299.82
05/09/2017 00:00,4282.53,4474.88,4001.93,4396.52,20884.22,88444473.15,4234.99
06/09/2017 00:00,4397.38,4649.23,4356.42,4605.8,16634.1,75306805.37,4527.25
07/09/2017 00:00,4605.81,4674.34,4475,4615,9254.85,42435328.99,4585.2
08/09/2017 00:00,4615,4679.97,4125.99,4312,23693.3,103569423.2,4371.25
09/09/2017 00:00,4327.41,4379.78,4164,4308.72,9974.39,42689334.62,4279.9
10/09/2017 00:00,4322.44,4322.44,4010,4226.22,14724.2,61040452.05,4145.59
11/09/2017 00:00,4226.21,4353.49,4092.4,4207.31,11191.6,47148979.98,4212.89
12/09/2017 00:00,4198.89,4377.65,4080,4172.56,13294.44,56268039.79,4232.45
13/09/2017 00:00,4170.6,4179.14,3720.01,3865.34,29636.38,115516897.1,3897.81
14/09/2017 00:00,3861.89,3921.74,3210,3227.79,41319.4,146101729.7,3535.91
15/09/2017 00:00,3227.79,3820,2972.01,3700.01,60278.95,203168386,3370.47
16/09/2017 00:00,3699.89,3872.9,3500,3678.93,23158.23,84905914.76,3666.34
17/09/2017 00:00,3669.07,3772.52,3463,3662.99,11770.22,42657776.56,3624.21
18/09/2017 00:00,3662.95,4122.7,3659.42,4101.6,17207.6,67988469.46,3951.07
19/09/2017 00:00,4102,4119.7,3848.35,3888.8,15278.93,60404491.57,3953.45
20/09/2017 00:00,3888.8,4050,3820.56,3874.46,11660.27,45847238.86,3931.92
21/09/2017 00:00,3864,3914,3573,3617.05,17904.3,67012342.18,3742.81
22/09/2017 00:00,3607.83,3761.84,3514,3612.18,15007.74,54271184.82,3616.21
23/09/2017 00:00,3611.91,3810.25,3552,3779.17,10123.23,37609099.77,3715.13
24/09/2017 00:00,3781.13,3783.25,3615,3664.22,6508.72,24009707.82,3688.85
25/09/2017 00:00,3667.01,3968.59,3658.39,3918,14979.78,57632408.09,3847.35
26/09/2017 00:00,3920.66,3970,3850.61,3888.03,10014.62,39220959.7,3916.37
27/09/2017 00:00,3883.95,4226.73,3870,4199.29,15075.84,61255648.53,4063.17
28/09/2017 00:00,4202.34,4270.01,4123.5,4184.84,9625.93,40309035.77,4187.55
29/09/2017 00:00,4183.47,4227.62,4022.02,4164.82,12191.93,50336312.65,4128.66
30/09/2017 00:00,4162.04,4349,4154.28,4326.09,7496.78,32073448.82,4278.3
01/10/2017 00:00,4326.09,4377.22,4216,4377.22,7211.34,30871704.79,4281
02/10/2017 00:00,4369.33,4453,4352,4391.48,8259.82,36293751.01,4394.01
03/10/2017 00:00,4391.41,4425,4218,4315.83,12468.06,53551605.48,4295.1
04/10/2017 00:00,4315.73,4343,4170.07,4219.53,8518.99,36068254.94,4233.86
05/10/2017 00:00,4219.74,4358.97,4137.96,4301.09,8419.96,35912272.84,4265.13
06/10/2017 00:00,4301.09,4425,4278.4,4362.95,8377.3,36552658.15,4363.3
07/10/2017 00:00,4356.09,4463,4312.82,4423.3,4646.41,20320065.24,4373.29
08/10/2017 00:00,4422.72,4612,4404.5,4597.98,10083.87,45490443.57,4511.21
09/10/2017 00:00,4597.97,4865,4541,4764.7,12923.67,60473207.29,4679.26
10/10/2017 00:00,4761.67,4909.97,4700,4749.29,11666.02,56088789.35,4807.87
11/10/2017 00:00,4747.9,4869.78,4700,4822.01,9866.9,47256315.42,4789.38
12/10/2017 00:00,4822.01,5445,4793.66,5445,19916.23,102559923.2,5149.57
13/10/2017 00:00,5444,5846.43,5380,5653.6,27827.38,155848051.9,5600.53
14/10/2017 00:00,5653.58,5817.34,5558.26,5801.29,8410.94,47779356.45,5680.62
15/10/2017 00:00,5795.01,5830,5415,5679.7,11542.95,64464008.42,5584.71
16/10/2017 00:00,5683.92,5807.11,5548,5745.72,9066.8,51508749.11,5681.03
17/10/2017 00:00,5752.2,5776.31,5506.78,5597.31,9105.28,51035573.57,5605.05
18/10/2017 00:00,5591.97,5617.75,5101.36,5582.05,18961.68,101657249.6,5361.2
19/10/2017 00:00,5572.64,5735.14,5512.06,5698.69,9919.84,56087316.56,5654.06
20/10/2017 00:00,5700,6074,5589.8,5977.29,15109.06,89014299.88,5891.45
21/10/2017 00:00,5977.26,6180,5871,6013.46,15357.42,92912504.83,6050.01
22/10/2017 00:00,6010.85,6071.07,5700,5969,12232.52,71898806.16,5877.68
23/10/2017 00:00,5967.38,6045.34,5617.75,5871.17,15331.64,89530043.16,5839.56
24/10/2017 00:00,5869.82,5870,5453.01,5523.4,17286.72,97560230.19,5643.65
25/10/2017 00:00,5518.49,5748,5366,5735.88,12349.11,68370411.13,5536.47
26/10/2017 00:00,5741.35,5988,5683,5890,11788.3,69079451.81,5860
27/10/2017 00:00,5889.99,5994.06,5674.06,5771.89,11911.04,69053794.44,5797.46
28/10/2017 00:00,5773.03,5875.66,5646.18,5730.69,5926.3,33993472.69,5736.04
29/10/2017 00:00,5731.7,6316.85,5683,6137.37,16086.63,96361934.29,5990.19
30/10/2017 00:00,6133.01,6229.77,6024.03,6119.99,9574.64,58637080.14,6124.2
31/10/2017 00:00,6120,6449.78,6072.81,6434.21,13423.31,84354477.98,6284.18
01/11/2017 00:00,6434.24,6756.36,6340.01,6741.59,12967.22,84891427.3,6546.62
02/11/2017 00:00,6745.04,7354.1,6700,7030,26514.65,184979262.3,6976.49
03/11/2017 00:00,7030,7500,6925.22,7146.82,15999.78,116037544.2,7252.44
04/11/2017 00:00,7145.24,7569.9,6994,7388.83,9200.11,66730277.42,7253.2
05/11/2017 00:00,7388.79,7590,7275.16,7372.72,9218.33,68631151.85,7445.08
06/11/2017 00:00,7373.3,7421.39,6922.07,6967.68,19323.13,138542391.8,7169.77
07/11/2017 00:00,6967.64,7244.69,6945,7130.28,11634.27,82632999.59,7102.55
08/11/2017 00:00,7131.38,7888,7080.01,7450.32,24679.72,183501327.1,7435.31
09/11/2017 00:00,7465.06,7490,7061.2,7148,14799.27,106985408.5,7229.1
10/11/2017 00:00,7150.61,7343.18,6429.44,6588.18,26614.28,181284361.1,6811.55
11/11/2017 00:00,6588.18,6820,6218,6355.13,14942.7,96800268.09,6478.1
12/11/2017 00:00,6355.13,6488.88,5555.55,5870.37,37315.16,225565297.5,6044.87
13/11/2017 00:00,5870.03,6775.75,5846,6525.17,27202.28,173971383.6,6395.47
14/11/2017 00:00,6524.69,6750,6466.88,6609,12072.05,79508390.54,6586.15
15/11/2017 00:00,6609,7350,6609,7294,16869.9,119171192.4,7064.13
16/11/2017 00:00,7294,7976.79,7120.85,7846.96,19272.37,145738327.5,7562.03
17/11/2017 00:00,7846.96,7997,7528.5,7674.99,17714.37,138124189.4,7797.3
18/11/2017 00:00,7675,7858,7431.54,7771.03,7326.81,56264967.21,7679.33
19/11/2017 00:00,7775.55,8087.35,7675,8016.58,8307.78,65332064.65,7863.96
20/11/2017 00:00,8016.58,8269.99,7900,8226.17,8179.46,66366007.81,8113.74
21/11/2017 00:00,8226.14,8354.46,7770,8095.23,13686.51,110811263.5,8096.38
22/11/2017 00:00,8095.19,8310.89,8045.76,8214.69,8078.58,66215711.71,8196.45
23/11/2017 00:00,8214.69,8279.76,7980,7989,7811.79,63644740.39,8147.26
24/11/2017 00:00,7988.96,8340,7876,8199.19,9289.99,75751868.75,8154.14
25/11/2017 00:00,8199.83,8737,8114.78,8717.99,11611.67,97628924.79,8407.83
26/11/2017 00:00,8718,9366.6,8538.2,9271.06,12021.22,108525815.5,9027.86
27/11/2017 00:00,9278.99,9721.7,9267,9708.07,13272.45,126458117.7,9527.86
28/11/2017 00:00,9708.06,9968,9582.25,9868.82,11214.93,110496755.9,9852.65
29/11/2017 00:00,9877.63,11395,9250,9824.68,33432.34,346949562.2,10377.66
30/11/2017 00:00,9833.7,10618.29,9000,9947.67,25433.46,247093850.8,9715.31
01/12/2017 00:00,9927.29,10949.89,9370.11,10840.45,16708.03,171881760.6,10287.37
02/12/2017 00:00,10840.45,11200,10637.69,10872,9267.16,101270084.4,10927.84
03/12/2017 00:00,10875.68,11800.01,10513.16,11250,14238.53,160176290.4,11249.5
04/12/2017 00:00,11250,11613.07,10850,11613.07,13621.48,154122917.9,11314.7
05/12/2017 00:00,11613.07,11850,11384.25,11677,11875.03,138370076.2,11652.18
06/12/2017 00:00,11676.99,13700,11659.8,13623.5,19784.87,250560790.3,12664.26
07/12/2017 00:00,13623,16615.62,13085.9,16599.99,25787.68,382694044.1,14840.19
08/12/2017 00:00,16599.99,16666.66,13482.42,15800,25473.4,389366035.1,15285.2
09/12/2017 00:00,15799.87,15998.5,12701.05,14607.49,16587.47,238909072.6,14402.98
10/12/2017 00:00,14601.01,15385,13011,14691,18487.98,263150668,14233.61
11/12/2017 00:00,14690.99,17270,14677.19,16470,16583.72,270203844.3,16293.32
12/12/2017 00:00,16470,17428.42,15967.29,16650.01,13517.89,227842348.7,16854.87
13/12/2017 00:00,16650.01,17107.03,15497.69,16250,17136.71,281640493.8,16434.93
14/12/2017 00:00,16245.02,16830.45,15852.69,16404.99,13409.52,219263192.5,16351.3
15/12/2017 00:00,16404.99,17934,16337.19,17471.5,18998.39,329337014.8,17335
16/12/2017 00:00,17477.98,19377,17269.99,19187.78,9761.22,179906034.6,18430.69
17/12/2017 00:00,19187.78,19666,18465,18953,9749.25,186310530.8,19110.24
18/12/2017 00:00,18953,19220,17835.2,18940.57,14678.94,273533539.4,18634.42
19/12/2017 00:00,18940.58,19160.79,16831.26,17700,21528.14,387206242.4,17986.05
20/12/2017 00:00,17700,17950,15343.04,16466.98,31172.23,521350550.6,16724.84
21/12/2017 00:00,16466.98,17281.17,15005,15600.01,20377.86,326730689.7,16033.61
22/12/2017 00:00,15600,15795.61,11159.93,14009.79,57444.89,772143020.6,13441.46
23/12/2017 00:00,13980,15756.22,13496.48,14619,21786.41,322120599.6,14785.39
24/12/2017 00:00,14619,14619.1,12488,14157.87,18519.49,250476423.6,13525.02
25/12/2017 00:00,14107.87,14650,13210,13911.28,11564.54,161347357.1,13951.9
26/12/2017 00:00,13925.5,16147.87,13746.95,15764.44,15051.16,230922569.2,15342.51
27/12/2017 00:00,15764.45,16480.52,14484,15364.93,15643.75,241860985.1,15460.55
28/12/2017 00:00,15390.05,15474.19,13500,14470.07,16557.22,234428578.5,14158.69
29/12/2017 00:00,14436.99,15111,13998,14340,13505.7,195727638.8,14492.22
30/12/2017 00:00,14351,14463.28,12050,12640,21749.67,285985550.3,13148.96
31/12/2017 00:00,12640,14296.06,12491.21,13880,11583.42,154552644.5,13342.58
